user_id,engagement_score
375542731,0.8102040816326531
464619027,0.6259975249160599
477151824,0.16110245784803967
864624886,0.13641336782575988
380905831,0.09992808251479124
38055419,0.09806579201097265
459392242,0.09473623629633163
818896091,0.08489672120524469
358276014,0.08274853240069102
508640239,0.08074220967994866
1319686115,0.08057933981578488
1296810619,0.07838722819151259
1846366599,0.07376944465664408
192983904,0.07086813619786203
667896838,0.06462814798124747
481577360,0.06168266825405337
1653388261,0.05317504956272191
850500839,0.05119740614346137
6884316,0.047803026702038925
1784200233,0.04731934393007622
5206797934,0.046759295310539434
1241668100,0.04473651652726496
462722,0.044126292373017864
16708526,0.04299246533908817
270200807,0.042012493943699145
335607928,0.04180877056834126
519628723,0.04053991916813694
149154010,0.040417050858754786
941893071,0.03950392608839086
845435937,0.03706749486177292
1045541275,0.03691370669363305
1382890433,0.036910988045480264
1638704399,0.036642927471944885
1519066281,0.03644740897361141
487999687,0.03600428576126058
112842363,0.0334393357703132
489605442,0.03313140611282881
273147659,0.03190800316688344
790769438,0.031606441782641895
1659134542,0.031083637241532607
454824648,0.03062584301259695
1059514834,0.0300718687173612
447254392,0.029479958397811597
2086950830,0.028459122404146206
394492378,0.027895941291770317
231650994,0.026756444307074675
447423285,0.026334720471564706
396201207,0.023703626431985435
454815839,0.023701068964814873
261595784,0.02365101678898949
212733944,0.02357644612195743
37475999,0.02307850943900277
785943617,0.0230006654132496
5067358853,0.022507098197204686
394395765,0.02219025965433821
378358615,0.021549908368927374
407841196,0.02147126524680317
323559061,0.021016092738718788
462692720,0.02074877229952512
518420147,0.020661366875951513
952121887,0.02052096610591768
231249850,0.020245470237116397
1466577294,0.02021600103651265
5345301701,0.02000361499030191
1510514911,0.019853202177287203
1700118311,0.01974357186691618
561155713,0.01928444638806515
480935548,0.019199705048568383
938890188,0.019128849538966125
229839185,0.01908541591929989
1480565976,0.018723417632434756
1120250240,0.018572284140590336
881662196,0.01788049629598014
5107801974,0.017518381551184514
40448938,0.017216970765376816
1985122698,0.017065497782796153
110757132,0.016541930144667948
1357212359,0.01647199387117669
315644441,0.01622148460241531
5047713195,0.016100738199598737
508141855,0.015452942352752814
5101378294,0.01530524252949192
103703710,0.015131784610027486
809571758,0.015065515009676966
1088964095,0.015053572542783025
475895196,0.01501213391141679
287951638,0.014838934084124202
1101508842,0.014650051305693627
188200615,0.014525072016463626
430635261,0.01450400023902936
490446547,0.014385955385069383
413290672,0.014307846182923911
95188025,0.014295050714122837
85281936,0.013803072057526015
375898713,0.01371286376727718
920816384,0.01351134455723025
3896101,0.013266963254857718
525561442,0.013050054590511732
23845258,0.013047929258364212
491346147,0.01303074009689018
579592081,0.012831561910378559
955130507,0.012337407368341307
835351458,0.012308757457965499
2126388740,0.012300145876408812
320940676,0.012282227765262731
368008033,0.012060323890639588
562518981,0.011886316446372377
531814935,0.011845514196101112
494488274,0.01171344072678644
491841288,0.011545025544497056
773410526,0.011440792095190423
392304884,0.01103205610779579
520980639,0.010938718921916425
405551550,0.010868487695049785
458173868,0.010852638743965488
513488316,0.010754420155360404
481679376,0.010652273711570107
627011619,0.010519402550582604
407249068,0.010510617399023682
396655622,0.010390620550562328
971501475,0.01035814277420866
1507652936,0.010349903862782277
279159946,0.010238602389294015
1362941890,0.010202377609523618
1205523783,0.010114492783597558
521376570,0.0094432292104549
449221158,0.009442559589236435
1757007697,0.00917349246542918
172725326,0.009108493332752165
509214276,0.008864349127572585
1153963833,0.00883512412266202
430450773,0.008800544037567476
308841251,0.008745554143647975
1675492621,0.00873749285525342
459040010,0.008665015209669762
355676,0.008646976941378557
877887945,0.008595054968690521
493854111,0.008549631427078637
47485126,0.008513000737054442
238773003,0.008479453512733522
413679045,0.008454515110740671
579592944,0.008420091555411142
443259140,0.00836633768668508
239288039,0.008292120971915708
147577458,0.008230742105608181
119245066,0.008230572860597788
154699249,0.008138752298939907
894862055,0.008121309297917078
387189569,0.008045036854852397
1243201664,0.00803487932106864
875773,0.007986829897426844
1853673199,0.007970092052262403
637130299,0.007857073047414094
279448457,0.007834964065138752
387221644,0.007737820106548344
1905697223,0.007726569263410725
1552851159,0.007659379486963182
132399407,0.007570073218913804
518483012,0.00755274479584943
1247058132,0.00748917850286867
333865958,0.007430310302246089
2109651147,0.007354433752311806
283000270,0.007267663185723758
1656998396,0.007167721514538752
1491581371,0.007135653337091875
95360810,0.00708742482499061
1379888490,0.007066927313002316
1351960272,0.007038263910130592
472614065,0.007023117820388257
732600893,0.006911098062922295
1112831845,0.006905552129581127
569162710,0.0068766441270334735
151254134,0.006843247905129156
956577617,0.006794191260066331
730616842,0.006767337459656912
435363513,0.006719962346602021
5214256322,0.006677935896564473
80705128,0.006666309988444537
414250465,0.006549344718986414
326042014,0.006548423446634201
8964803,0.0065451960299721425
650045343,0.006450340604640793
1940947546,0.006432539891411214
419744242,0.006364124825785711
1626396518,0.006351515578754638
321020476,0.006299342732183385
487695059,0.006274869111029245
584964339,0.006169248685950826
327964678,0.006164540750143572
287536490,0.006149584017415814
380667068,0.006132184060359403
1602772244,0.006105672549520991
331848813,0.006078624238016363
326208103,0.006055131682380211
610942280,0.006018851255965707
414666138,0.00593331538800748
127182148,0.005889909875507392
387443199,0.0058661928533227745
136317471,0.005834416008171239
263310465,0.005821737540147429
324336299,0.005788637339906897
367701997,0.005787025472480607
337758129,0.0057534398935617116
887463665,0.005742044091906343
153875494,0.005673033780135746
27010204,0.005649807290710122
1950651474,0.005646281955007091
238010207,0.0055567503305910225
80215184,0.0054445290174155465
374159891,0.005430418167564158
472814487,0.005372631681176712
531392418,0.005371903593356091
5006617484,0.005355176481458947
453611653,0.005307233722466357
984309085,0.00524912445493588
1701629707,0.005236956166963061
501496799,0.00519838674257731
380604187,0.005157352030595615
239513163,0.005144648296486989
1142821546,0.005115903495050874
5216323986,0.005097747828843165
5216315910,0.005080082695394449
124388630,0.005078853806259723
160257754,0.005042655182392365
413955281,0.005020825937293638
549508986,0.004944468467741006
56924181,0.004881004554023764
472067999,0.004866496775516221
389566587,0.0048256368597647935
1026039358,0.004803027707718349
450463357,0.0047735702410973534
1746774145,0.004714750238521821
1381636386,0.004714512683460194
150181701,0.0046956415928389875
879837823,0.004682973393370287
491024639,0.004642699969726557
1643937901,0.004611370613367599
506164756,0.004607553480657038
1387042262,0.004570831123513342
1101150116,0.004551191256350957
1252003125,0.004514092944406722
29526041,0.004490210386987983
272895004,0.0044888178320295295
189254457,0.004477227519278952
505793421,0.004475955586177808
1307058155,0.004455429119451705
5479478,0.004446824986492079
239860473,0.004438449029857194
1645250613,0.004436857274435088
1122338981,0.004417005118295891
1830411718,0.004386002628872201
315184635,0.004385718805903351
1687366380,0.004380246761800083
41337106,0.00436658253888984
390514791,0.004322796382220771
1202872233,0.004321733514155634
162177023,0.004291369335966737
927183095,0.004277146242279473
1165106734,0.004274537024848024
407063043,0.0042745216022122825
1427429708,0.004248559090735024
1255741403,0.004238452978939121
564206185,0.004220044799746232
378746075,0.004216054622475056
5184044514,0.004200312800752157
1359411774,0.004169808353413953
1283310634,0.004118790042027339
148664858,0.004046453595017363
345296042,0.004036069239439276
435761657,0.004018587883818473
445079881,0.004010908705020539
826751971,0.003973808058953723
1622468553,0.003971830969994192
1978005144,0.0039661213708292965
1848052036,0.003962152632125923
1411778017,0.0039028641669022
239833867,0.003895833546770889
197584852,0.003869051301476788
586719976,0.003862521543389014
1345655035,0.0038484284782627403
368979744,0.0038105965204344974
252205625,0.0037472958078287955
1610757806,0.0037147015629829996
491714166,0.0036488154056362313
1086149876,0.0036448481603272905
519510397,0.0036380326491308405
536577177,0.0036233410927953864
156310175,0.0035849325142753136
591074648,0.0035818696252884123
1128440789,0.003573050869229393
679352338,0.00356736184678087
62770328,0.0035671318010457357
427164876,0.0035583747355296797
1360208735,0.0035422428909009118
412563129,0.0034338986424657944
484266478,0.0034044617525611706
361375870,0.0034022471085400127
52164164,0.003365021151247443
90774209,0.0033528280619019965
1673105,0.0033513616177056438
598645368,0.003343207328784456
393593458,0.0033387317728349178
887912156,0.0033331858394937495
135638865,0.0033032237440416366
1209554186,0.003280071143853912
911864743,0.003271772903973939
527542096,0.003215936747066778
478155024,0.003203927435549243
2064303471,0.003196136012915435
484892671,0.0031961205902796943
319410038,0.0031959952790539415
739034650,0.003164542945591812
508500932,0.00315831478835449
82388682,0.003156769300839607
5261547566,0.0031447599893220718
616420398,0.00312551898779918
1173965622,0.0031107329655094542
1143375077,0.00310977716607628
493603144,0.003105202454804027
463378611,0.0031045426770346385
397152002,0.003071534608625797
1062599196,0.003060769608878728
1535558589,0.003055139053032363
239640123,0.0030344648078304616
37156451,0.0030333051185651924
136923492,0.0030314019188435607
428251001,0.0030310797412767365
5328420619,0.002992947072416265
1002489864,0.002992620205480998
1604264221,0.002981333827703453
328397196,0.002979259917543789
1630971345,0.0029351492491853136
1802925520,0.002918738270956139
399119401,0.0029147172484134828
404575228,0.0028955655587642303
36620301,0.002886946003168864
66372725,0.0028841907309644756
517954032,0.00286210764631695
473391285,0.002845259912562496
385561860,0.002835059334812322
229066165,0.002830330801165415
1621239545,0.00282561769015425
224230105,0.0028225548011673487
485569642,0.002815838445293614
1215285319,0.0027948420225248887
1362143758,0.0027835355327431597
817265069,0.0027733349549929846
658609576,0.002771541643861365
2105832936,0.0027705835103056095
29299321,0.0027580789766606367
352024292,0.0027459443539173483
302957889,0.00272851677553026
630067128,0.0027227024418559837
1343523870,0.002712116530568383
1344473669,0.0027094389751189073
5150830145,0.0027032823518736235
2094674782,0.0027019744194203667
469408485,0.0026971766859040045
1509294976,0.0026959071080487227
1223936346,0.0026845314183975375
390092512,0.0026831495967063823
1367658440,0.0026825551912894366
405234186,0.002676234040368995
386881128,0.002665216062924558
54474872,0.0026636065296208504
511946956,0.002663476529026654
5520848347,0.0026565226180912923
421495178,0.002651684195854374
1723477319,0.002649438706561734
408625101,0.002647193217269094
1360926770,0.0026420994620889463
2051424200,0.0026233868832108353
698874764,0.0026134238605222877
42760348,0.0026098550161406508
5083169343,0.002585721815147125
1275885883,0.0025401755478637786
201058367,0.0025374241031764035
667749776,0.0025307030579342256
5400522092,0.0025277140581852235
66627257,0.002520249502486683
490556408,0.0025138015469460566
291866701,0.002506970613113866
301869458,0.0024970075904253183
52907612,0.0024941439019020694
179131415,0.0024775875004429578
370296641,0.002474509188820316
1038687506,0.002463000678616885
367545255,0.0024555207002826033
347940896,0.002433632988581717
483979877,0.0024322942108569792
279770918,0.0024303016992617073
1273803905,0.002420918521205794
764575430,0.0024137223658403624
1326213971,0.002410153521458725
404369001,0.002402039921258094
1801635875,0.002383342765015724
483226083,0.0023808442980257165
640051516,0.0023757897592949734
152215506,0.0023752829420488077
566573962,0.002371387230731904
218098773,0.00235453949697745
506848248,0.0023514766079905493
2050858088,0.002347312496340537
120120466,0.002341855874873009
435704860,0.0023396103855803695
368358922,0.002308086518126202
996616136,0.0023080710954904615
746978,0.002307238273160459
434887575,0.0022866940285527536
1481937732,0.0022845186009810003
1917447459,0.002280369911966729
5231418713,0.002277307022979828
537727744,0.0022690242057355954
73937064,0.002263904294652409
245342473,0.002263774294058213
2142973697,0.0022604430047382033
423909558,0.002258539805016571
428742712,0.0022562405384902165
618817231,0.002251402116253298
1563673367,0.002245276338279495
1210642073,0.002245207138410039
599670585,0.0022350603378935795
1821815114,0.0022286123823529527
5247543400,0.0022187185595338613
817629263,0.0022154026928495924
390556306,0.002196889314435134
315164592,0.0021940794031456
496876605,0.002193320470053497
226177924,0.0021861088920523243
555144444,0.002178628913718043
246596872,0.0021719971803495046
370810211,0.0021536783130302554
2005095904,0.0021357293566126906
101568319,0.0021324134899284217
359629750,0.0021276311790478
1819413780,0.0021257817565598835
371294637,0.0021224658898756146
996958094,0.002122212912178247
455988606,0.0021210532229129775
375637456,0.0021160179343349883
413771696,0.0021104565783580794
1192751113,0.002107973534003813
529960019,0.0021037663783873826
1825256433,0.0021035826005594716
1648796957,0.002089023400064075
463726760,0.0020881905777340726
1673233446,0.0020869878445023853
69802627,0.0020861980661388006
1114116797,0.002083065977282443
321346215,0.002072865399532268
1738243965,0.002069350332384347
426346860,0.002062465621318441
621587673,0.002050852376605629
533547369,0.002049186731945624
362406927,0.0020479732654466393
476364236,0.002046123842958723
337300509,0.0020449650155448837
2147016013,0.0020417221762470835
971724,0.002036682198300651
637650948,0.0020203988865430916
5047153498,0.0020159972198314524
1669563772,0.0020159972198314524
5648487984,0.0020062871748402723
60826101,0.0020015048639596507
1306896184,0.001999328574536467
212544925,0.0019866295297962847
1595602045,0.0019836405300472826
716179937,0.0019787843299287618
1203982035,0.0019702877514365664
7484058,0.0019636560180680282
531448013,0.001961737395710656
1150075570,0.0019565029066690143
1765272438,0.00195485268464475
434651715,0.0019509415506921055
324846887,0.0019468082843135748
1051903737,0.0019432240172961974
1461064531,0.0019399081506119283
1920237249,0.0019247260615174793
1072131853,0.0019221691279253136
847729095,0.0019088210386830405
376593,0.0019079989496203357
470269277,0.0019034027718134875
1406436264,0.001897698326729223
2036386495,0.0018868080157564014
46946584,0.001885632903855391
365448046,0.0018787481927894853
1814265256,0.001877677815397856
441053137,0.0018751947710435894
432970267,0.0018690535704340458
1940750121,0.0018629862590624018
808866756,0.0018552687256664937
1011002498,0.0018510615700500633
549925384,0.0018486369922979555
1553284125,0.0018457578811389658
860344897,0.0018436554809536816
353453336,0.0018364284803167679
995539303,0.0018364284803167679
173160725,0.0018283995026213333
1880622425,0.0018283303027518774
1300561098,0.0018278350806244393
388537918,0.0018134549685885114
751648989,0.0018040872131683391
1362861841,0.0017957744125040554
5271299712,0.0017957744125040554
569342748,0.0017938712127824237
1402486039,0.0017929107239808063
377631532,0.0017908083237955224
159004992,0.001780012478776972
458920836,0.0017578025895092619
1669994,0.0017542875223613406
346933710,0.0017476557889928024
348000742,0.0017310610329357165
1281903757,0.0017310610329357165
5174322856,0.001730808055238349
283171876,0.0017263324992888103
798365415,0.0017097377432317242
415533864,0.001697618543124177
397992401,0.00168361672001137
390256028,0.0016734161422611948
5215625798,0.0016731738978311248
265237894,0.0016729793867359156
170192773,0.001665187964102108
5236193686,0.0016630163640473678
514007729,0.0016554933417466688
406704186,0.0016533217416919283
1911697603,0.0016502588527050272
432084545,0.001642525896673378
360768430,0.0016397898746217437
1226534138,0.0016389570522917412
909166912,0.001638303318421207
325375033,0.0016381242299617388
1058490599,0.0016298268519331959
340480200,0.0016298268519331959
412601339,0.0016115664512161049
135565350,0.0016068533402049394
1583327407,0.001606020517874937
777208186,0.0015991203841732905
506573104,0.0015957152056153812
476923989,0.0015938120058937495
1393797812,0.0015921463612337445
1185686453,0.0015904423619757652
940063157,0.0015871956951609523
355325618,0.0015869272948278437
565776725,0.0015653510274264838
56364325,0.0015592406720884217
19249963,0.001558466316360578
415513012,0.0015522713385173192
366411884,0.0015473436044067606
1986364519,0.0015460202493177636
392432622,0.001543973960488776
333529836,0.0015368900489592181
476013527,0.001536578604659692
599283480,0.0015359295601576012
1098426780,0.0015213810929295022
547605599,0.001520295292902132
846413735,0.001520295292902132
1112195490,0.001518882625939495
1866193643,0.0015182490040731448
426948598,0.0015169794262178632
525333377,0.001512250892570957
841922445,0.001508919603250947
508716666,0.0015088765592845292
1470630385,0.00150868204818932
1869904725,0.0015058029370303304
960725333,0.0015056191592024188
1644943385,0.0014995518478307748
2146264114,0.0014964889588438735
1969358880,0.0014964889588438735
5490803696,0.0014933568699875158
949308286,0.001489008980509592
1359967514,0.0014878492912443226
163771251,0.0014871057807879602
454237177,0.001482377247141054
2066518659,0.0014663623357166029
220466131,0.0014662884464787035
1759128494,0.0014616338020696966
578464525,0.0014516707793811486
428360295,0.0014516707793811486
261631612,0.0014479742685278975
946415283,0.0014456188906452453
392785538,0.0014414702016309739
1340736954,0.0014291723777761461
383374591,0.0014114534670937155
1046306515,0.0014038051335672633
5041833679,0.0014038051335672633
1942772094,0.0013932084890123655
798785780,0.001386377555180175
200173344,0.0013749480882952747
1723070661,0.0013730986658073581
1103889554,0.0013662139547414521
1633988421,0.0013637154877514449
422397188,0.0013631510657545508
539305301,0.0013625557984861753
711553380,0.0013616691989224577
1053354956,0.0013603996210671758
1224395262,0.0013570837543829069
380175243,0.0013570837543829069
390958371,0.0013570837543829069
397154601,0.0013479535540243614
50577900,0.0013434934207105637
540192586,0.0013385119093662899
1518408100,0.0013334611981525597
241201723,0.0013263772866230015
30028520,0.00132222859760873
1742575818,0.0013208313532818336
486559476,0.0013197455532544633
648687297,0.0013168664420954738
51938823,0.0013141841972775547
454713276,0.0013127561076791768
988004830,0.001310615352895918
762967476,0.0013085690640669307
454946489,0.0012961229970241163
5033091937,0.0012961229970241163
1131918125,0.0012901248855219283
5148205257,0.0012890390854945581
746942771,0.001285723218810289
1310386881,0.0012815745297960176
1814996241,0.001279781218664398
5113776083,0.0012735301294648422
1246033568,0.001270398040608485
248287050,0.0012641469514089291
395689273,0.0012579519735656703
2036304379,0.0012538032845513989
90580865,0.0012538032845513989
460101387,0.0012538032845513989
879312126,0.0012538032845513989
1201202719,0.0012525337066961171
590312031,0.0012525337066961171
378707396,0.0012517008843661145
392574227,0.0012517008843661145
191129624,0.0012502882174034774
1142963470,0.0012496545955371274
1646083642,0.0012496545955371274
305771171,0.0012483850176818456
5040355241,0.0012483850176818456
1560003234,0.0012469723507192083
544581617,0.0012434035063375716
211264206,0.0012403406173506703
719885020,0.0012403406173506703
1051915416,0.0012298131726652286
5642486416,0.0012268087502804858
353165069,0.0012268087502804858
1149713646,0.0012237458612935845
395077862,0.0012137828386050366
5341201118,0.0012102139942233997
5216469658,0.0012102139942233997
437377066,0.001203002416222227
161549665,0.0012005039492322196
831338671,0.0011955224378879456
146624152,0.0011858278155325063
1006342737,0.0011839091931751336
494318233,0.0011833447711782396
2136672395,0.0011805933264908645
1104372891,0.0011775304375039632
879894441,0.0011772774598065956
2067622588,0.0011659017701554104
1843955085,0.0011650843704611488
363923220,0.0011639985704337786
405697601,0.0011576198147626082
873547867,0.0011540355477452308
410248812,0.0011476413694383196
901581445,0.0011474038143766926
346499142,0.0011465709920466902
1619544364,0.0011410250587055222
66801149,0.0011391064363481496
1810764537,0.001138511169079774
1238192119,0.0011382736140181473
382165996,0.0011341249250038758
412056342,0.0011249947246453303
422550558,0.0011208460356310589
902337449,0.0011194487913041623
989759785,0.0011175301689467898
465439445,0.0011166388800146288
2094285511,0.0011071865020892595
1215131727,0.0011017682352197063
443750945,0.0011009354128897037
1528627667,0.0011001025905597013
943097791,0.001098705346232805
217405575,0.0010967867238754322
993712038,0.0010967867238754322
330613173,0.001087656523516887
349461368,0.0010843406568326179
775903100,0.001076043278804075
420631920,0.0010752104564740724
1273113840,0.0010737393229092768
1200563073,0.0010713147451571687
1216173429,0.001071061767459801
526136308,0.001071061767459801
5276845679,0.0010677459007755318
243404190,0.0010630173671286255
840012894,0.001062764389431258
1947424058,0.001057782878086984
64803653,0.001057782878086984
1295526380,0.001057782878086984
1307199076,0.0010563856337600876
5057056901,0.0010552998337327174
871377307,0.0010536341890727125
1742641663,0.0010536341890727125
48238700,0.0010533227447731862
59656385,0.0010515879002437251
753615,0.001051151144718446
1688247243,0.0010503183223884434
521050668,0.0010503183223884434
731560119,0.0010503183223884434
512164939,0.001047255433401542
5498985012,0.001047255433401542
364800878,0.0010432905222151822
1750078877,0.001037872255345629
387515038,0.0010337235663313575
616062768,0.0010317464773718264
1698881242,0.001029574877317086
187054164,0.0010289950326844513
219461181,0.0010256791660001822
530614113,0.0010226162770132809
457424149,0.0010223632993159133
49846066,0.001021277499288543
1535990575,0.0010183983881295532
851092083,0.001016548965641637
1160111195,0.001016295987944269
908054955,0.001016295987944269
988928135,0.0010142496991152818
1696122790,0.0010142496991152818
1006144877,0.0010142496991152818
129218808,0.0010142496991152818
520094025,0.0010142496991152818
457329495,0.0010088314322457285
1784828629,0.0010057685432588272
2005132336,0.001004682743231457
281833451,0.0010038499209014547
352717625,0.0010038499209014547
2044143220,0.000999701231887183
1364043625,0.0009985569652576545
571741997,0.0009914038538586401
1597851829,0.0009914038538586401
56004974,0.0009902595872291113
370486639,0.0009883409648717388
568194465,0.0009831064758300972
369728310,0.0009831064758300972
5388980756,0.0009831064758300972
1821107798,0.0009831064758300972
1756057949,0.0009830480092279385
552056771,0.0009792107645131935
434327602,0.0009769806978562946
10115711,0.0009748090978015542
38756899,0.0009748090978015542
2118440301,0.0009748090978015542
2004398029,0.0009706604087872827
451333855,0.0009665117197730112
549599817,0.0009634488307861099
524851972,0.0009623630307587397
1484764250,0.0009582143417444682
14952136,0.000933575185356207
545242716,0.0009327423630262046
711725516,0.0009232852957323921
231735992,0.0009169804292991211
1325933399,0.0009028687175963016
195688323,0.0009025572732967754
1909300876,0.0009003856732420351
180310994,0.000899195138705284
1572473467,0.0008973227842551337
5001266713,0.0008954041618977612
2124056482,0.0008887570058934823
20321799,0.0008840438948823168
633109990,0.0008829580948549467
2139670551,0.0008798797832323046
207313677,0.0008721622498363964
1631658303,0.0008705120278121322
439507180,0.0008705120278121322
1105417340,0.0008693369159111219
5095097845,0.0008646976941378558
403698865,0.0008591517607966879
363134548,0.0008580659607693177
438786796,0.0008580659607693177
421155185,0.0008580659607693177
1944120112,0.0008580659607693177
513797615,0.0008489357604107723
357844767,0.0008477914937812435
143486840,0.0008431214267364959
424623847,0.0008405799157800706
478741888,0.0008356568710379554
57477299,0.0008356568710379554
279043344,0.0008323410043536864
1758405450,0.0008306753596936814
1784808728,0.0008306753596936814
1771826205,0.0008281923153394149
464549768,0.0008240436263251433
851309921,0.0008240436263251433
178578488,0.0008198949373108719
1403124667,0.0008149134259665979
566465682,0.0008149134259665979
475757469,0.0008149134259665979
1295040743,0.0008149134259665979
1090155356,0.0008115975592823288
486181125,0.0008115975592823288
1240485162,0.0008107647369523265
224038400,0.0008085346702954275
792845295,0.0008065421587001556
834496966,0.0008057832256080524
1220815578,0.0008057832256080524
5395504252,0.0008024673589237834
5221634108,0.0008024673589237834
1240393403,0.0008024673589237834
1155675755,0.0007963415809499807
475129097,0.0007941699808952404
1313344688,0.0007941699808952404
1042764757,0.0007941699808952404
6722095,0.000790021291880969
159270012,0.000790021291880969
1608976146,0.000790021291880969
27567708,0.000790021291880969
469165082,0.000790021291880969
465957195,0.0007858726028666975
1269971251,0.0007858726028666975
5315465310,0.0007808910915224236
1346183199,0.0007775752248381545
25882044,0.0007775752248381545
441587540,0.0007775752248381545
2094231045,0.0007775752248381545
1647524243,0.0007775752248381545
1103808802,0.000773426535823883
1094250876,0.0007725937134938805
593942069,0.0007725937134938805
1633997655,0.0007725937134938805
140139665,0.0007692778468096115
5298538612,0.0007692778468096115
273962203,0.0007692778468096115
5111767299,0.0007684450244796091
343381634,0.0007684450244796091
1990908552,0.0007651291577953401
283264843,0.0007651291577953401
1157822988,0.0007559989574367946
1669302096,0.0007559989574367946
1153888612,0.0007559989574367946
1223119325,0.0007559989574367946
102265474,0.0007559989574367946
1657430637,0.0007518502684225231
86075534,0.0007496047791298835
495801956,0.0007477015794082517
1780707492,0.0007477015794082517
304664244,0.0007477015794082517
1336627426,0.0007477015794082517
1293041185,0.000747643112806093
1297126215,0.000747643112806093
650059376,0.0007435528903939801
1789345436,0.0007394042013797086
527337631,0.0007394042013797086
480633145,0.0007394042013797086
454379312,0.0007394042013797086
411196971,0.0007394042013797086
2071151333,0.0007394042013797086
557171814,0.0007352555123654372
504134355,0.0007311068233511657
5252969195,0.0007311068233511657
178446945,0.0007311068233511657
1105026147,0.0007311068233511657
1930017269,0.0007311068233511657
548108529,0.0007311068233511657
948663424,0.0007269581343368941
452874399,0.0007269581343368941
76991413,0.0007269581343368941
367817535,0.0007238952453499928
480520560,0.000723315400717358
150154056,0.0007228094453226227
566740518,0.0007228094453226227
302447112,0.0007197465563357213
774448760,0.0007197311336999805
1973512360,0.0007186607563083512
202452536,0.0007186607563083512
5147388915,0.0007186607563083512
132006790,0.00071668366734882
1205126680,0.0007106163559771759
436934693,0.0007064676669629044
15384274,0.0007064676669629044
499388540,0.0007053234003333757
5180743528,0.000703404777976003
499440187,0.0006951073999474601
379350499,0.000686810021918917
1183254561,0.0006815755328772754
1196088319,0.0006765940215330015
1294851542,0.0006732781548487325
2121123409,0.00067244533251873
1089763667,0.0006668839765418213
343470556,0.0006649807768201895
114070335,0.0006619178878332882
310104493,0.0006619178878332882
310398557,0.0006599992654759155
1617405391,0.0006599992654759155
753747268,0.0006577691988190166
430746405,0.0006547063098321154
133911783,0.0006505576208178439
458249180,0.000647553198433101
731709717,0.0006434045094188296
1806147289,0.0006351071313902867
1345201876,0.0006351071313902867
386028458,0.0006351071313902867
464269999,0.0006334414867302817
338439221,0.0006326086644002793
1812053676,0.0006320442424033852
1143247062,0.0006268097533617436
956375144,0.0006237468643748423
1521855064,0.0006226610643474722
1513784181,0.0006218282420174697
185066770,0.0006168467306731958
1178706327,0.0006168467306731958
1655462839,0.0006168467306731958
5287156764,0.0006154494863462993
508505824,0.0006143636863189291
988448885,0.0006135308639889267
548446219,0.0006135308639889267
456349357,0.000612951019356292
698795970,0.0006113007973320278
598748816,0.0006063192859877539
426353095,0.0006035678413003788
411806012,0.0006002519746161098
430118161,0.0005969361079318407
438907167,0.0005919545965875668
731556073,0.0005891446852980332
59229082,0.0005888917076006655
408425406,0.0005886387299032978
444634382,0.0005886387299032978
321460076,0.0005886387299032978
545795233,0.0005886387299032978
5234697287,0.0005886387299032978
1443455980,0.0005872260629406605
801508210,0.0005844900408890262
1873223248,0.0005828243962290214
1342464590,0.0005803413518747548
46258629,0.0005803413518747548
1470031889,0.0005803413518747548
1165013095,0.0005803413518747548
1057901598,0.0005803413518747548
471715012,0.0005803413518747548
1368120747,0.0005795085295447523
1607303320,0.0005772784628878535
482126452,0.0005772784628878535
1336604208,0.0005761926628604833
260095051,0.0005761926628604833
463804345,0.0005720439738462118
934183387,0.0005703783291862069
761168530,0.0005703783291862069
1733093578,0.0005703783291862069
48620332,0.0005689810848593105
516901347,0.0005678952848319403
1499380405,0.0005670624625019379
1576296428,0.0005670624625019379
321246528,0.0005670624625019379
322877657,0.0005670624625019379
148845602,0.000564832395845039
654759190,0.0005642525512124043
5256523362,0.0005639995735150365
1513028837,0.0005587650844733949
1588279627,0.0005587650844733949
1867452031,0.0005576208178438662
329559613,0.0005546163954591234
398028731,0.0005546163954591234
1611674148,0.000553783573129121
1294184002,0.000553783573129121
730041113,0.000553783573129121
613732946,0.0005504677064448518
500121742,0.0005504677064448518
1397482725,0.0005454861951005779
341367123,0.0005454861951005779
1952126154,0.0005454861951005779
392440835,0.0005421703284163089
225139811,0.0005421703284163089
552245387,0.0005421703284163089
58958182,0.0005421703284163089
875903708,0.0005421703284163089
5254113628,0.0005421703284163089
1878574728,0.0005391074394294076
367278356,0.0005380216394020375
478169805,0.000537188817072035
385695225,0.000537188817072035
1972450520,0.0005338729503877659
1463053447,0.0005338729503877659
181491970,0.0005338729503877659
5244416634,0.0005338729503877659
1749237890,0.0005338729503877659
583972385,0.0005338729503877659
1510005183,0.0005338729503877659
315652206,0.0005338729503877659
210557187,0.0005338729503877659
1218523588,0.0005338729503877659
469054290,0.0005338729503877659
65824019,0.0005338729503877659
1063683729,0.0005338729503877659
1617611491,0.0005338729503877659
342639536,0.0005338729503877659
336542039,0.0005338729503877659
5199696983,0.0005330401280577634
2101488612,0.0005308100614008646
272930304,0.0005297242613734944
366924850,0.0005297242613734944
334621642,0.0005297242613734944
124500539,0.0005297242613734944
2067934392,0.0005297242613734944
1026476221,0.0005297242613734944
2118859883,0.000528891439043492
423418935,0.000525575572359223
410736829,0.000525575572359223
80311871,0.000525575572359223
2062856413,0.000525575572359223
363057588,0.0005214268833449515
700482383,0.000520594061014949
1293555727,0.000520594061014949
2114298797,0.000520594061014949
604507589,0.0005164453720006775
298911341,0.000512296682986406
478124443,0.000512296682986406
512273237,0.000512296682986406
5279877903,0.000512296682986406
428466529,0.0005092337939995047
112575047,0.0005084009716695022
1527588727,0.0005081479939721346
286483576,0.0005081479939721346
967452210,0.0005081479939721346
1260354285,0.0005039993049578631
506671596,0.0005039993049578631
2086692476,0.0005039993049578631
512803236,0.0005039993049578631
324470704,0.0005039993049578631
352568848,0.0005039993049578631
862437728,0.0005039993049578631
1800394454,0.0005039993049578631
807752860,0.0005039993049578631
614575689,0.0004998506159435915
439380711,0.0004957019269293201
117346283,0.0004957019269293201
1000572344,0.0004957019269293201
229791439,0.0004957019269293201
411909381,0.0004957019269293201
1449773574,0.0004957019269293201
133281346,0.0004957019269293201
1051371527,0.0004957019269293201
51186591,0.0004926390379424187
553608757,0.0004915532379150486
5122426836,0.0004915532379150486
616371097,0.0004915532379150486
1445159297,0.0004915532379150486
1725644382,0.0004915532379150486
1816068636,0.0004874045489007771
466925,0.0004874045489007771
331258968,0.0004874045489007771
172096733,0.0004874045489007771
336802900,0.0004874045489007771
892740927,0.0004874045489007771
54569285,0.0004874045489007771
128029585,0.0004874045489007771
859183105,0.0004874045489007771
909636282,0.0004874045489007771
82030288,0.0004874045489007771
1805263494,0.0004874045489007771
114712618,0.0004874045489007771
268529012,0.0004874045489007771
1480942780,0.0004874045489007771
386921453,0.0004874045489007771
372871858,0.0004874045489007771
1465667688,0.0004874045489007771
393140579,0.0004874045489007771
1356372064,0.0004874045489007771
467675094,0.0004874045489007771
389271004,0.0004874045489007771
383845391,0.0004874045489007771
1140480667,0.0004874045489007771
1671578237,0.0004874045489007771
536867913,0.0004874045489007771
957725318,0.0004874045489007771
493837436,0.0004874045489007771
1548835417,0.0004874045489007771
469492346,0.0004874045489007771
375018486,0.0004874045489007771
367594591,0.0004874045489007771
1612626939,0.0004874045489007771
359496516,0.0004874045489007771
523622946,0.0004874045489007771
1044663934,0.0004874045489007771
501179791,0.0004874045489007771
455292930,0.0004874045489007771
450910678,0.0004874045489007771
536429961,0.0004874045489007771
214822870,0.0004843416599138757
937324303,0.0004843416599138757
213214230,0.00048325585988650557
523999898,0.00048325585988650557
216676765,0.00048325585988650557
725930928,0.00048325585988650557
5167763675,0.00048325585988650557
5192794402,0.00048325585988650557
867869804,0.00048325585988650557
476587589,0.00048325585988650557
223964032,0.00048325585988650557
382781864,0.00048325585988650557
436899020,0.00048325585988650557
343891905,0.00048325585988650557
343721579,0.00048325585988650557
332731712,0.00048325585988650557
1693114035,0.00048325585988650557
2057362113,0.00048325585988650557
450953420,0.00048325585988650557
146121511,0.0004791071708722341
1274292930,0.0004791071708722341
854018694,0.0004791071708722341
1337729116,0.0004791071708722341
2027564021,0.0004791071708722341
451188339,0.0004791071708722341
1233701584,0.0004791071708722341
15607983,0.0004791071708722341
5299109587,0.0004791071708722341
5290863252,0.0004791071708722341
5271509699,0.0004791071708722341
1133758363,0.0004791071708722341
514775922,0.0004791071708722341
56181931,0.0004791071708722341
471886859,0.0004791071708722341
426550916,0.0004791071708722341
76017054,0.0004791071708722341
465789903,0.0004791071708722341
717769812,0.0004791071708722341
1220217684,0.0004791071708722341
5042130575,0.0004791071708722341
5022758666,0.0004791071708722341
859959040,0.0004791071708722341
508968192,0.0004791071708722341
530690090,0.0004791071708722341
1363805075,0.0004791071708722341
245574929,0.0004791071708722341
1415927394,0.0004791071708722341
265399045,0.0004791071708722341
1437338169,0.0004791071708722341
391756348,0.0004791071708722341
1788259189,0.0004791071708722341
1775021252,0.0004791071708722341
302941868,0.0004791071708722341
410782636,0.0004791071708722341
251370646,0.0004791071708722341
196830940,0.0004791071708722341
2028216728,0.0004791071708722341
2025486939,0.0004791071708722341
1661617878,0.0004791071708722341
504595934,0.00047769450390959696
473366687,0.00047495848185796264
1665265472,0.00047437863722532786
1017930096,0.00047189559287106133
16990549,0.00047189559287106133
1183863356,0.00047189559287106133
627317559,0.00045446801448397286
2018509865,0.00043481036943998554
1371290588,0.0004337245694126154
5257188317,0.0004306616804257141
891569415,0.00042957588039834393
330257786,0.00042957588039834393
1817880228,0.00042542719138407247
785719521,0.0004248319241156969
626516011,0.00042236430239717105
1223501079,0.00040385092398271253
1480951462,0.0003914048569398981
114231509,0.0003914048569398981
454647440,0.0003914048569398981
1283851726,0.0003905720346098956
628346738,0.00038834196795299673
177305477,0.00038310747891135506
398681540,0.00038310747891135506
231107958,0.0003789587898970836
1352746165,0.0003789587898970836
534883327,0.0003789587898970836
631593533,0.0003789587898970836
1130892028,0.0003758959009101823
108956554,0.00037481010088281214
863478505,0.0003648470781942642
354037829,0.0003615312115099952
341696347,0.00035986556684999024
446421898,0.00035654970016572125
1384776283,0.0003532338334814522
1039707186,0.0003532338334814522
1878770709,0.0003532338334814522
5092733365,0.0003490851444671807
339462723,0.0003490851444671807
5749315133,0.0003482523221371782
333921138,0.0003449364554529092
1214680598,0.0003449364554529092
878024052,0.0003449364554529092
465345834,0.0003449364554529092
1363591906,0.0003449364554529092
5028158407,0.0003449364554529092
343849239,0.0003432708107929043
57851277,0.0003407877664386377
518518655,0.0003407877664386377
1158777337,0.00033663907742436625
26792404,0.00033663907742436625
320579963,0.00033663907742436625
2048682826,0.00033663907742436625
1323045482,0.0003349734327643613
1387428895,0.0003349734327643613
433238780,0.0003349734327643613
382775948,0.00033249038841009473
384144997,0.00033249038841009473
449894672,0.00033249038841009473
424270919,0.00033249038841009473
857319825,0.00033249038841009473
130530262,0.00033249038841009473
855478698,0.00033249038841009473
376312620,0.00033249038841009473
1910711896,0.00033249038841009473
2119241533,0.00033249038841009473
359272397,0.00033249038841009473
242857580,0.00033249038841009473
419066678,0.00033249038841009473
318215507,0.00033249038841009473
1642598419,0.00033249038841009473
509648605,0.00033249038841009473
84380711,0.00033249038841009473
508041443,0.00033249038841009473
1370647637,0.00033249038841009473
5032647308,0.00033249038841009473
497523196,0.00033249038841009473
1574449448,0.00033249038841009473
799904906,0.00033249038841009473
529089509,0.00033249038841009473
1969756274,0.00033165756608009227
1944667094,0.00033165756608009227
359774701,0.00033165756608009227
228058918,0.0003294274994231934
2102788141,0.00032527881040892196
7814070,0.00032336018805154934
234671239,0.00032336018805154934
343483001,0.0003225273657215469
1527493926,0.00031837867670727536
549844301,0.0003150628100230063
2084234175,0.0003150628100230063
1954195698,0.0003150628100230063
57752482,0.00030676543199446333
133860013,0.00030676543199446333
137789079,0.00030676543199446333
5338101980,0.00030676543199446333
1072878711,0.00030676543199446333
500828323,0.00030676543199446333
253625893,0.00030676543199446333
404269223,0.00030676543199446333
1004061494,0.0003026167429801918
1842156771,0.0003026167429801918
543527805,0.0003017839206501894
373844923,0.00029846805396592036
64800685,0.00029846805396592036
5336563646,0.00029846805396592036
419026715,0.00029846805396592036
1828708186,0.00029846805396592036
5399976155,0.00029846805396592036
118760324,0.0002976352316359179
348104513,0.00029540516497901905
1686596019,0.00029540516497901905
1416001583,0.00029540516497901905
605786003,0.00029540516497901905
747947598,0.0002943193649516489
1698248703,0.0002943193649516489
452970564,0.0002943193649516489
936850515,0.0002943193649516489
572759364,0.0002901706759373774
312853581,0.0002901706759373774
614460132,0.0002901706759373774
1212571208,0.0002901706759373774
267016992,0.0002901706759373774
401232886,0.0002901706759373774
493690725,0.0002901706759373774
916482549,0.0002901706759373774
1008664780,0.0002901706759373774
381558565,0.0002901706759373774
1461144316,0.0002901706759373774
1354269787,0.0002901706759373774
1329073651,0.0002901706759373774
435785869,0.0002901706759373774
1298809865,0.0002901706759373774
1464701218,0.0002860219869231059
387877255,0.0002860219869231059
1174524742,0.0002860219869231059
1689558249,0.0002860219869231059
549890533,0.0002860219869231059
549722019,0.0002860219869231059
124196293,0.0002860219869231059
188111883,0.0002860219869231059
544450926,0.0002860219869231059
222655426,0.0002860219869231059
540906442,0.0002860219869231059
426012119,0.0002860219869231059
539386650,0.0002860219869231059
440365514,0.0002860219869231059
483558812,0.0002860219869231059
532740465,0.0002860219869231059
270764251,0.0002860219869231059
5468348066,0.0002860219869231059
128883002,0.0002860219869231059
428873982,0.0002860219869231059
115528930,0.0002860219869231059
288168442,0.0002860219869231059
493770247,0.0002860219869231059
1773152278,0.0002860219869231059
1330142712,0.0002860219869231059
740776227,0.0002860219869231059
1439228640,0.0002860219869231059
516321305,0.0002860219869231059
5584469761,0.0002860219869231059
509031111,0.0002860219869231059
1857614568,0.0002860219869231059
40136898,0.0002860219869231059
5238415010,0.0002860219869231059
857359195,0.0002860219869231059
466147756,0.0002860219869231059
1377530555,0.0002860219869231059
183220729,0.0002860219869231059
695025396,0.0002860219869231059
1611147790,0.0002860219869231059
154456677,0.0002860219869231059
1234653467,0.0002860219869231059
1707888155,0.0002860219869231059
2120827694,0.0002860219869231059
5287240434,0.0002860219869231059
1232835123,0.0002860219869231059
32613365,0.0002860219869231059
1184076515,0.0002860219869231059
380300918,0.0002860219869231059
33778819,0.0002860219869231059
1225506402,0.0002860219869231059
1218104638,0.0002860219869231059
671161198,0.0002860219869231059
275840233,0.00028518916459310345
427530295,0.00028518916459310345
1207325373,0.00028518916459310345
1287677747,0.00028518916459310345
5137256152,0.00028295909793620456
1309517856,0.00028295909793620456
1620699940,0.0002818732979088344
243178463,0.0002768917865645605
477417228,0.0002768917865645605
1626571432,0.0002768917865645605
505043677,0.00027274309755028896
454077948,0.00027274309755028896
437817370,0.00027274309755028896
453630271,0.00027274309755028896
1225918319,0.0002688473862333852
404461823,0.0002688473862333852
993490778,0.0002685944085360175
533772868,0.0002685944085360175
834461208,0.0002685944085360175
340368378,0.0002685944085360175
704433015,0.0002602970305074745
149362119,0.0002602970305074745
433046622,0.0002602970305074745
261855765,0.0002602970305074745
74417822,0.0002602970305074745
5189562942,0.0002602970305074745
54196726,0.0002602970305074745
5193330916,0.0002602970305074745
1968811328,0.0002602970305074745
355608797,0.0002602970305074745
149954717,0.0002602970305074745
222975640,0.0002602970305074745
812704784,0.0002602970305074745
416854519,0.0002602970305074745
200363979,0.0002602970305074745
251159917,0.0002519996524789315
461191893,0.0002519996524789315
1241966343,0.0002519996524789315
439265610,0.0002519996524789315
488042751,0.0002519996524789315
1443607035,0.0002519996524789315
436246345,0.0002519996524789315
411990167,0.0002519996524789315
1957661556,0.0002519996524789315
406062229,0.0002519996524789315
451855690,0.0002519996524789315
88613431,0.0002519996524789315
754670178,0.0002519996524789315
5150205856,0.0002519996524789315
1718043230,0.0002519996524789315
1769124575,0.0002519996524789315
813167334,0.0002519996524789315
1764156105,0.0002519996524789315
332012204,0.0002519996524789315
536650914,0.0002519996524789315
285200763,0.0002519996524789315
5220398456,0.0002519996524789315
332396488,0.0002519996524789315
796619758,0.0002519996524789315
360905038,0.0002519996524789315
740025659,0.0002519996524789315
933118881,0.0002519996524789315
272850805,0.0002489367634920302
1253275810,0.0002489367634920302
827486756,0.00024785096346466003
1154592719,0.00024785096346466003
188811892,0.00024785096346466003
972006260,0.00024785096346466003
305157936,0.00024785096346466003
446704057,0.00024785096346466003
1163407782,0.00024785096346466003
449013451,0.00024785096346466003
1351784532,0.00024785096346466003
657298123,0.00024785096346466003
112176005,0.00024785096346466003
681471673,0.00024785096346466003
5244807146,0.00024785096346466003
400620559,0.00024785096346466003
405367196,0.00024785096346466003
507124290,0.00024785096346466003
2003818573,0.00024785096346466003
799599064,0.00024785096346466003
1176701932,0.00024785096346466003
555276475,0.00024785096346466003
2057329092,0.00024785096346466003
886908882,0.00024370227445038854
418162169,0.00024370227445038854
1812718934,0.00024370227445038854
370096670,0.00024370227445038854
1367557820,0.00024370227445038854
414810607,0.00024370227445038854
462780002,0.00024370227445038854
1455725176,0.00024370227445038854
589779122,0.00024370227445038854
1874090062,0.00024370227445038854
465296067,0.00024370227445038854
148404019,0.00024370227445038854
449618990,0.00024370227445038854
1231923690,0.00024370227445038854
633218041,0.00024370227445038854
770561003,0.00024370227445038854
345427192,0.00024370227445038854
346411698,0.00024370227445038854
1340962948,0.00024370227445038854
348184867,0.00024370227445038854
218013764,0.00024370227445038854
5477716541,0.00024370227445038854
1636641435,0.00024370227445038854
717209752,0.00024370227445038854
439403435,0.00024370227445038854
8464399,0.00024370227445038854
716768451,0.00024370227445038854
197512654,0.00024370227445038854
715518902,0.00024370227445038854
2027327282,0.00024370227445038854
223157648,0.00024370227445038854
449559131,0.00024370227445038854
1543744452,0.00024370227445038854
454591258,0.00024370227445038854
465717429,0.00024370227445038854
463403883,0.00024370227445038854
1502481394,0.00024370227445038854
524644030,0.00024370227445038854
502704647,0.00024370227445038854
392952614,0.00024370227445038854
1754547198,0.00024370227445038854
483453514,0.00024370227445038854
1796975701,0.00024370227445038854
542074819,0.00024370227445038854
98398297,0.00024370227445038854
410373903,0.00024370227445038854
390403610,0.00024370227445038854
523457944,0.00024370227445038854
5140893750,0.00024370227445038854
1833743035,0.00024370227445038854
1398699511,0.00024370227445038854
1745966609,0.00024370227445038854
279982796,0.00024370227445038854
470895500,0.00024370227445038854
1064065076,0.00024370227445038854
263242745,0.00024370227445038854
97729005,0.00024370227445038854
1330953741,0.00024370227445038854
526943296,0.00024370227445038854
1015925046,0.00024370227445038854
412398805,0.00024370227445038854
1766305638,0.00024370227445038854
1379999674,0.00024370227445038854
281547589,0.00023955358543611705
1346242961,0.00023955358543611705
1632385467,0.00023955358543611705
1689064516,0.00023955358543611705
1495886698,0.00023955358543611705
1824887428,0.00023955358543611705
1351400125,0.00023955358543611705
1437191402,0.00023955358543611705
423153587,0.00023955358543611705
1824561837,0.00023955358543611705
353865513,0.00023955358543611705
334208731,0.00023955358543611705
222357979,0.00023955358543611705
347526285,0.00023955358543611705
342120237,0.00023955358543611705
1662654509,0.00023955358543611705
340524831,0.00023955358543611705
344792777,0.00023955358543611705
1953073541,0.00023955358543611705
1447368643,0.00023955358543611705
261120593,0.00023955358543611705
430935273,0.00023955358543611705
257027202,0.00023955358543611705
350240305,0.00023955358543611705
1342812708,0.00023955358543611705
274183920,0.00023955358543611705
221838904,0.00023955358543611705
400087047,0.00023955358543611705
340351644,0.00023955358543611705
1440218651,0.00023955358543611705
252867973,0.00023955358543611705
1796003825,0.00023955358543611705
1496558328,0.00023955358543611705
376497732,0.00023955358543611705
1689402391,0.00023955358543611705
1519102988,0.00023955358543611705
1712092310,0.00023955358543611705
1383729487,0.00023955358543611705
411970381,0.00023955358543611705
326092463,0.00023955358543611705
371268670,0.00023955358543611705
371454507,0.00023955358543611705
233908415,0.00023955358543611705
1381197498,0.00023955358543611705
1571843751,0.00023955358543611705
1875877247,0.00023955358543611705
1709576670,0.00023955358543611705
380378330,0.00023955358543611705
1525042721,0.00023955358543611705
374651877,0.00023955358543611705
315065866,0.00023955358543611705
379788548,0.00023955358543611705
1741240343,0.00023955358543611705
235953931,0.00023955358543611705
1378084292,0.00023955358543611705
1379602579,0.00023955358543611705
1386399135,0.00023955358543611705
417785328,0.00023955358543611705
1919621307,0.00023955358543611705
361825305,0.00023955358543611705
1691055982,0.00023955358543611705
419628360,0.00023955358543611705
314864392,0.00023955358543611705
357446852,0.00023955358543611705
297022565,0.00023955358543611705
1614952800,0.00023955358543611705
1507852798,0.00023955358543611705
1832297068,0.00023955358543611705
227918896,0.00023955358543611705
1611619192,0.00023955358543611705
1849716563,0.00023955358543611705
1609290921,0.00023955358543611705
364201868,0.00023955358543611705
326126408,0.00023955358543611705
304588510,0.00023955358543611705
1602348207,0.00023955358543611705
368656426,0.00023955358543611705
405717304,0.00023955358543611705
304743722,0.00023955358543611705
369204214,0.00023955358543611705
1691325207,0.00023955358543611705
456209534,0.00023955358543611705
1328841964,0.00023955358543611705
67375315,0.00023955358543611705
995854631,0.00023955358543611705
75969182,0.00023955358543611705
541446714,0.00023955358543611705
549242371,0.00023955358543611705
72385021,0.00023955358543611705
68741648,0.00023955358543611705
556088041,0.00023955358543611705
947791050,0.00023955358543611705
5206105819,0.00023955358543611705
942195214,0.00023955358543611705
1088912868,0.00023955358543611705
5211643880,0.00023955358543611705
932997879,0.00023955358543611705
5217874641,0.00023955358543611705
920689525,0.00023955358543611705
5226856247,0.00023955358543611705
54562782,0.00023955358543611705
5237613009,0.00023955358543611705
597121297,0.00023955358543611705
908621398,0.00023955358543611705
5148046628,0.00023955358543611705
536221437,0.00023955358543611705
1004756676,0.00023955358543611705
531670387,0.00023955358543611705
92018759,0.00023955358543611705
1079662842,0.00023955358543611705
5110355852,0.00023955358543611705
510037141,0.00023955358543611705
511809474,0.00023955358543611705
512400150,0.00023955358543611705
1060197526,0.00023955358543611705
5123404756,0.00023955358543611705
434514710,0.00023955358543611705
521005284,0.00023955358543611705
521057540,0.00023955358543611705
522094820,0.00023955358543611705
523234320,0.00023955358543611705
524575365,0.00023955358543611705
526269927,0.00023955358543611705
1034482975,0.00023955358543611705
1033847079,0.00023955358543611705
5133507914,0.00023955358543611705
531549930,0.00023955358543611705
44002906,0.00023955358543611705
898905611,0.00023955358543611705
5252562467,0.00023955358543611705
703500488,0.00023955358543611705
5376333562,0.00023955358543611705
708754361,0.00023955358543611705
5379154141,0.00023955358543611705
11766599,0.00023955358543611705
817384178,0.00023955358543611705
5420159401,0.00023955358543611705
723262914,0.00023955358543611705
727026410,0.00023955358543611705
5765516,0.00023955358543611705
798517417,0.00023955358543611705
2526945,0.00023955358543611705
797875780,0.00023955358543611705
5533046138,0.00023955358543611705
5533527150,0.00023955358543611705
792794605,0.00023955358543611705
746458187,0.00023955358543611705
749603703,0.00023955358543611705
770990063,0.00023955358543611705
5687261319,0.00023955358543611705
5372250815,0.00023955358543611705
5358833543,0.00023955358543611705
226188,0.00023955358543611705
700469245,0.00023955358543611705
617744661,0.00023955358543611705
5271064031,0.00023955358543611705
5279725678,0.00023955358543611705
24545517,0.00023955358543611705
22602037,0.00023955358543611705
646359322,0.00023955358543611705
5332616502,0.00023955358543611705
653411280,0.00023955358543611705
654649009,0.00023955358543611705
865928037,0.00023955358543611705
5334418356,0.00023955358543611705
671846346,0.00023955358543611705
672608852,0.00023955358543611705
682944934,0.00023955358543611705
853701904,0.00023955358543611705
686524858,0.00023955358543611705
691951263,0.00023955358543611705
5338504588,0.00023955358543611705
19973095,0.00023955358543611705
1082956841,0.00023955358543611705
342579914,0.00023955358543611705
509398034,0.00023955358543611705
1205894723,0.00023955358543611705
1235631013,0.00023955358543611705
141981336,0.00023955358543611705
2098937083,0.00023955358543611705
1220066990,0.00023955358543611705
1217099669,0.00023955358543611705
1216067984,0.00023955358543611705
134944165,0.00023955358543611705
466261386,0.00023955358543611705
477726985,0.00023955358543611705
466380978,0.00023955358543611705
1199027303,0.00023955358543611705
1191995526,0.00023955358543611705
125743578,0.00023955358543611705
475172038,0.00023955358543611705
2142213564,0.00023955358543611705
1165609462,0.00023955358543611705
165824330,0.00023955358543611705
452346727,0.00023955358543611705
451563347,0.00023955358543611705
1254312414,0.00023955358543611705
1961455718,0.00023955358543611705
1310864782,0.00023955358543611705
216900646,0.00023955358543611705
207940032,0.00023955358543611705
203856501,0.00023955358543611705
200992986,0.00023955358543611705
1995499589,0.00023955358543611705
443537477,0.00023955358543611705
444547165,0.00023955358543611705
445431964,0.00023955358543611705
2005637071,0.00023955358543611705
1281948008,0.00023955358543611705
196816102,0.00023955358543611705
189336875,0.00023955358543611705
447778162,0.00023955358543611705
1157886328,0.00023955358543611705
470870227,0.00023955358543611705
487756022,0.00023955358543611705
5000261575,0.00023955358543611705
499022409,0.00023955358543611705
119848446,0.00023955358543611705
108527664,0.00023955358543611705
113758788,0.00023955358543611705
482342304,0.00023955358543611705
102034025,0.00023955358543611705
493996713,0.00023955358543611705
482253476,0.00023955358543611705
120077686,0.00023955358543611705
483215845,0.00023955358543611705
5003459048,0.00023955358543611705
1141075678,0.00023955358543611705
492137260,0.00023955358543611705
1093242833,0.00023955358543611705
2143438346,0.00023955358543611705
5012157239,0.00023955358543611705
481664215,0.00023955358543611705
487904729,0.00023955358543611705
200117554,0.00023814091847347986
5071712594,0.00023649069644921574
384410442,0.00023649069644921574
1166486115,0.00023649069644921574
59492590,0.00023649069644921574
389079174,0.00023540489642184556
362446707,0.00023540489642184556
1454185386,0.00023540489642184556
711455301,0.00023540489642184556
1940920096,0.00023234200743494425
456693613,0.00023234200743494425
1096718200,0.00019002229496222688
1692221605,0.00019002229496222688
475715361,0.00019002229496222688
1751564127,0.00019002229496222688
743776471,0.00019002229496222688
882691811,0.00019002229496222688
1064883962,0.0001858736059479554
431138969,0.00017674340558940997
1253277518,0.00016429733854659548
375748837,0.00015931582720232155
423768236,0.00015101844917377857
177632020,0.00014770258248950952
536231629,0.00014770258248950952
475835898,0.00014603693782950462
1287591268,0.00014355389347523804
5150289116,0.00014355389347523804
1202195569,0.00014355389347523804
406916201,0.00014355389347523804
5200463960,0.00014355389347523804
995350206,0.00014355389347523804
1380002732,0.00014355389347523804
132370631,0.00011782893705960664
333346800,0.00010953155903106365
523010474,0.00010953155903106365
1348725764,0.00010953155903106365
373727962,0.00010953155903106365
426008701,0.00010538287001679216
92794221,0.00010123418100252067
814690694,0.00010123418100252067
1028149950,0.00010123418100252067
1599610106,0.00010123418100252067
437378537,9.956853634251576e-05
490270325,9.708549198824918e-05
509188258,9.708549198824918e-05
233129611,9.708549198824918e-05
1556012706,9.708549198824918e-05
723955515,9.708549198824918e-05
440804309,9.708549198824918e-05
5167340456,9.708549198824918e-05
1820936569,9.708549198824918e-05
90954900,9.708549198824918e-05
1854376555,9.708549198824918e-05
5256995447,9.625266965824673e-05
520502071,8.795529162970375e-05
2093476896,8.795529162970375e-05
58710811,7.136053557261778e-05
941275903,6.637902422834384e-05
2089619512,6.30631575440748e-05
205699085,6.223033521407235e-05
1363475264,6.223033521407235e-05
5022419506,6.223033521407235e-05
2145245788,5.891446852980331e-05
761666145,5.4765779515531824e-05
498153916,5.4765779515531824e-05
1630712967,5.4765779515531824e-05
1101263909,5.4765779515531824e-05
436915205,5.4765779515531824e-05
1515162822,5.4765779515531824e-05
215724029,5.0617090501260335e-05
730010238,5.0617090501260335e-05
5487709058,5.0617090501260335e-05
1095491409,5.0617090501260335e-05
437148302,5.0617090501260335e-05
1001789418,5.0617090501260335e-05
304744698,5.0617090501260335e-05
537426859,5.0617090501260335e-05
1318167214,5.0617090501260335e-05
433777766,5.0617090501260335e-05
854143216,5.0617090501260335e-05
549917670,5.0617090501260335e-05
1922269558,5.0617090501260335e-05
29940121,5.0617090501260335e-05
30524462,5.0617090501260335e-05
561441462,5.0617090501260335e-05
65936873,5.0617090501260335e-05
396063611,5.0617090501260335e-05
5244831052,5.0617090501260335e-05
1439563264,5.0617090501260335e-05
114598895,5.0617090501260335e-05
1828947059,5.0617090501260335e-05
1626151880,5.0617090501260335e-05
291620,5.0617090501260335e-05
147766446,5.0617090501260335e-05
458176513,5.0617090501260335e-05
455300321,4.978426817125788e-05
1716928177,4.978426817125788e-05
1443627194,4.14868901427149e-05
956385820,3.7338201128443416e-05
281822265,3.7338201128443416e-05
820248239,3.7338201128443416e-05
1865798034,3.3189512114171914e-05
458913881,2.489213408562894e-05
278072484,2.489213408562894e-05
270856270,2.489213408562894e-05
1398728166,2.489213408562894e-05
116195299,2.489213408562894e-05
822963959,2.489213408562894e-05
474925836,2.489213408562894e-05
814680656,2.489213408562894e-05
1699675064,2.489213408562894e-05
345020192,2.0743445071357442e-05
419590682,1.6594756057085954e-05
1799818386,1.6594756057085954e-05
2104600150,1.6594756057085954e-05
559801808,1.6594756057085954e-05
1144777364,1.6594756057085954e-05
1366586714,1.6594756057085954e-05
5206235452,1.6594756057085954e-05
1157307996,1.6594756057085954e-05
571898771,1.6594756057085954e-05
1173409441,1.6594756057085954e-05
1614165976,1.6594756057085954e-05
328613005,1.6594756057085954e-05
1381508061,1.6594756057085954e-05
242546822,1.6594756057085954e-05
1813088521,1.6594756057085954e-05
398463856,1.6594756057085954e-05
1437335039,1.6594756057085954e-05
340200650,1.6594756057085954e-05
68758887,1.6594756057085954e-05
388611855,1.6594756057085954e-05
2012399448,1.6594756057085954e-05
793615529,1.6594756057085954e-05
453374411,1.6594756057085954e-05
969816359,1.2446067042814465e-05
1380036101,1.2446067042814465e-05
1420511408,1.2446067042814465e-05
367591925,1.2446067042814465e-05
5249803887,1.2446067042814465e-05
1299835685,1.2446067042814465e-05
810359638,1.2446067042814465e-05
486474957,1.2446067042814465e-05
1586909099,1.2446067042814465e-05
5051701452,1.2446067042814465e-05
354687092,1.2446067042814465e-05
361639494,1.2446067042814465e-05
1111077189,1.2446067042814465e-05
1775994155,1.2446067042814465e-05
1357013745,1.2446067042814465e-05
1946148699,1.2446067042814465e-05
1121242199,1.2446067042814465e-05
1115257409,8.297378028542977e-06
179577821,8.297378028542977e-06
912955086,8.297378028542977e-06
2084368069,8.297378028542977e-06
131255675,8.297378028542977e-06
598063600,8.297378028542977e-06
1410820723,8.297378028542977e-06
430687936,8.297378028542977e-06
1870092034,8.297378028542977e-06
1104435804,8.297378028542977e-06
167151952,8.297378028542977e-06
1347173969,8.297378028542977e-06
1952531456,8.297378028542977e-06
432974137,8.297378028542977e-06
226156335,8.297378028542977e-06
558578777,8.297378028542977e-06
976113230,8.297378028542977e-06
455519079,8.297378028542977e-06
1890066793,8.297378028542977e-06
561759555,8.297378028542977e-06
1367489411,8.297378028542977e-06
79309997,8.297378028542977e-06
2071211712,8.297378028542977e-06
2140553862,8.297378028542977e-06
1371200902,8.297378028542977e-06
343685708,8.297378028542977e-06
1399813353,8.297378028542977e-06
38782608,8.297378028542977e-06
382083156,8.297378028542977e-06
1750606604,8.297378028542977e-06
1510869909,8.297378028542977e-06
5335142204,8.297378028542977e-06
1721119759,8.297378028542977e-06
5315028866,8.297378028542977e-06
1587548605,8.297378028542977e-06
25958482,8.297378028542977e-06
1633838313,8.297378028542977e-06
393839297,8.297378028542977e-06
1799891882,8.297378028542977e-06
1677310552,8.297378028542977e-06
621905116,8.297378028542977e-06
1676573983,8.297378028542977e-06
706647959,8.297378028542977e-06
892692293,8.297378028542977e-06
339190487,8.297378028542977e-06
1668922908,8.297378028542977e-06
1812858157,8.297378028542977e-06
753416854,8.297378028542977e-06
43001810,8.297378028542977e-06
1079371122,4.148689014271488e-06
5065457974,4.148689014271488e-06
1096779210,4.148689014271488e-06
9579964,4.148689014271488e-06
5598370554,4.148689014271488e-06
5081008418,4.148689014271488e-06
509987293,4.148689014271488e-06
1083039229,4.148689014271488e-06
1082710927,4.148689014271488e-06
5097464122,4.148689014271488e-06
1071444771,4.148689014271488e-06
5393282258,4.148689014271488e-06
88933895,4.148689014271488e-06
716935647,4.148689014271488e-06
2470563,4.148689014271488e-06
767771746,4.148689014271488e-06
87627853,4.148689014271488e-06
514355018,4.148689014271488e-06
707446845,4.148689014271488e-06
124225687,4.148689014271488e-06
1054500600,4.148689014271488e-06
5126120798,4.148689014271488e-06
101887461,4.148689014271488e-06
505998727,4.148689014271488e-06
812377802,4.148689014271488e-06
1116244245,4.148689014271488e-06
5538244045,4.148689014271488e-06
1142176432,4.148689014271488e-06
486241008,4.148689014271488e-06
5533760356,4.148689014271488e-06
737294759,4.148689014271488e-06
486979533,4.148689014271488e-06
485767939,4.148689014271488e-06
5530863908,4.148689014271488e-06
5521859444,4.148689014271488e-06
733220001,4.148689014271488e-06
1160043540,4.148689014271488e-06
5499348608,4.148689014271488e-06
5127222806,4.148689014271488e-06
801373373,4.148689014271488e-06
5594255311,4.148689014271488e-06
806282433,4.148689014271488e-06
111425760,4.148689014271488e-06
5475962134,4.148689014271488e-06
1151363657,4.148689014271488e-06
5556159781,4.148689014271488e-06
5494428651,4.148689014271488e-06
5242014644,4.148689014271488e-06
5129343359,4.148689014271488e-06
586446468,4.148689014271488e-06
627241445,4.148689014271488e-06
623911901,4.148689014271488e-06
5209764994,4.148689014271488e-06
884733610,4.148689014271488e-06
5269405538,4.148689014271488e-06
33790073,4.148689014271488e-06
566644123,4.148689014271488e-06
571380783,4.148689014271488e-06
37436357,4.148689014271488e-06
934012705,4.148689014271488e-06
928991305,4.148689014271488e-06
919159118,4.148689014271488e-06
28049717,4.148689014271488e-06
613710531,4.148689014271488e-06
917784315,4.148689014271488e-06
5246196225,4.148689014271488e-06
590315582,4.148689014271488e-06
51370234,4.148689014271488e-06
594298271,4.148689014271488e-06
472581526,4.148689014271488e-06
896303759,4.148689014271488e-06
5239049897,4.148689014271488e-06
601840069,4.148689014271488e-06
5243469487,4.148689014271488e-06
629486893,4.148689014271488e-06
878061340,4.148689014271488e-06
1028429210,4.148689014271488e-06
690442312,4.148689014271488e-06
5135581527,4.148689014271488e-06
5371525383,4.148689014271488e-06
5241489656,4.148689014271488e-06
845362960,4.148689014271488e-06
541074479,4.148689014271488e-06
5348041958,4.148689014271488e-06
5346644876,4.148689014271488e-06
549024832,4.148689014271488e-06
695220945,4.148689014271488e-06
21238536,4.148689014271488e-06
848161385,4.148689014271488e-06
956524855,4.148689014271488e-06
5291190446,4.148689014271488e-06
654805622,4.148689014271488e-06
873522117,4.148689014271488e-06
71398202,4.148689014271488e-06
69047477,4.148689014271488e-06
5329888120,4.148689014271488e-06
641262808,4.148689014271488e-06
24151982,4.148689014271488e-06
553809231,4.148689014271488e-06
875962897,4.148689014271488e-06
951649832,4.148689014271488e-06
67731299,4.148689014271488e-06
998660563,4.148689014271488e-06
1254047814,4.148689014271488e-06
2125804379,4.148689014271488e-06
1478433349,4.148689014271488e-06
1470238162,4.148689014271488e-06
1795527914,4.148689014271488e-06
1790665274,4.148689014271488e-06
278757948,4.148689014271488e-06
279191405,4.148689014271488e-06
1787935485,4.148689014271488e-06
1476732728,4.148689014271488e-06
1781718553,4.148689014271488e-06
1762088896,4.148689014271488e-06
390407700,4.148689014271488e-06
1773928247,4.148689014271488e-06
389991335,4.148689014271488e-06
1481669663,4.148689014271488e-06
389916715,4.148689014271488e-06
389576872,4.148689014271488e-06
292900324,4.148689014271488e-06
1799275563,4.148689014271488e-06
394865914,4.148689014271488e-06
1803899793,4.148689014271488e-06
1465113788,4.148689014271488e-06
1844438215,4.148689014271488e-06
471937820,4.148689014271488e-06
404498823,4.148689014271488e-06
1411749869,4.148689014271488e-06
404305279,4.148689014271488e-06
1425185782,4.148689014271488e-06
1823798667,4.148689014271488e-06
253659911,4.148689014271488e-06
1448239477,4.148689014271488e-06
398389756,4.148689014271488e-06
1458206060,4.148689014271488e-06
396290580,4.148689014271488e-06
1812520667,4.148689014271488e-06
396244487,4.148689014271488e-06
271740827,4.148689014271488e-06
1486016107,4.148689014271488e-06
1761577207,4.148689014271488e-06
1393401574,4.148689014271488e-06
1679947389,4.148689014271488e-06
361373954,4.148689014271488e-06
1627357898,4.148689014271488e-06
1629034365,4.148689014271488e-06
1629337108,4.148689014271488e-06
333748329,4.148689014271488e-06
1682872421,4.148689014271488e-06
1680533308,4.148689014271488e-06
349384764,4.148689014271488e-06
293089484,4.148689014271488e-06
1674067971,4.148689014271488e-06
1671312727,4.148689014271488e-06
1637109696,4.148689014271488e-06
1653273164,4.148689014271488e-06
1663782964,4.148689014271488e-06
344540889,4.148689014271488e-06
1653624986,4.148689014271488e-06
1612718260,4.148689014271488e-06
362979638,4.148689014271488e-06
364941190,4.148689014271488e-06
1707758963,4.148689014271488e-06
387522830,4.148689014271488e-06
386349882,4.148689014271488e-06
1510806155,4.148689014271488e-06
1752804831,4.148689014271488e-06
305936907,4.148689014271488e-06
1525688965,4.148689014271488e-06
1536383503,4.148689014271488e-06
376260909,4.148689014271488e-06
1552604873,4.148689014271488e-06
1560937631,4.148689014271488e-06
1568779971,4.148689014271488e-06
324867912,4.148689014271488e-06
370414512,4.148689014271488e-06
1717690015,4.148689014271488e-06
1595290756,4.148689014271488e-06
1845151702,4.148689014271488e-06
245838269,4.148689014271488e-06
1390755524,4.148689014271488e-06
1302887766,4.148689014271488e-06
1244318700,4.148689014271488e-06
1244440273,4.148689014271488e-06
1655939542,4.148689014271488e-06
1268073792,4.148689014271488e-06
448273956,4.148689014271488e-06
1274765284,4.148689014271488e-06
192400526,4.148689014271488e-06
446707556,4.148689014271488e-06
193871616,4.148689014271488e-06
2021292170,4.148689014271488e-06
1281722752,4.148689014271488e-06
2013049615,4.148689014271488e-06
445479964,4.148689014271488e-06
1284911529,4.148689014271488e-06
442875599,4.148689014271488e-06
2004911510,4.148689014271488e-06
1854426643,4.148689014271488e-06
2056517783,4.148689014271488e-06
1241295558,4.148689014271488e-06
1239199137,4.148689014271488e-06
461773463,4.148689014271488e-06
469270546,4.148689014271488e-06
1198178405,4.148689014271488e-06
132187170,4.148689014271488e-06
463835127,4.148689014271488e-06
463691117,4.148689014271488e-06
1211373022,4.148689014271488e-06
137656455,4.148689014271488e-06
140780741,4.148689014271488e-06
454427566,4.148689014271488e-06
457552898,4.148689014271488e-06
1228660068,4.148689014271488e-06
149009863,4.148689014271488e-06
1232243436,4.148689014271488e-06
1232391191,4.148689014271488e-06
2070955616,4.148689014271488e-06
149498303,4.148689014271488e-06
1302171899,4.148689014271488e-06
65666,4.148689014271488e-06
222641929,4.148689014271488e-06
424560226,4.148689014271488e-06
1374755524,4.148689014271488e-06
1345467533,4.148689014271488e-06
1346114627,4.148689014271488e-06
1985848675,4.148689014271488e-06
1371470308,4.148689014271488e-06
414005310,4.148689014271488e-06
423864565,4.148689014271488e-06
229781857,4.148689014271488e-06
225161589,4.148689014271488e-06
1359995426,4.148689014271488e-06
226449623,4.148689014271488e-06
418524509,4.148689014271488e-06
1902587032,4.148689014271488e-06
1902573639,4.148689014271488e-06
1873124877,4.148689014271488e-06
429984253,4.148689014271488e-06
218917299,4.148689014271488e-06
1330822319,4.148689014271488e-06
1318408004,4.148689014271488e-06
1963406397,4.148689014271488e-06
436248850,4.148689014271488e-06
1310028300,4.148689014271488e-06
1377257599,4.148689014271488e-06
1972332246,4.148689014271488e-06
215386249,4.148689014271488e-06
239049490,4.148689014271488e-06
242435921,4.148689014271488e-06
1308505693,4.148689014271488e-06
1983930856,4.148689014271488e-06
1985237491,4.148689014271488e-06
1892102886,4.148689014271488e-06
1405724783,0.0
437274019,0.0
164710335,0.0
36334365,0.0
5413226943,0.0
5402861710,0.0
1741354833,0.0
636347888,0.0
286265031,0.0
1078722605,0.0
1763777403,0.0
